{
  "homography": [
    [
      1.0113243778654715,
      -2.0242204771099e-16,
      -1239.883687263068
    ],
    [
      0.001793915342958534,
      0.9597447084828234,
      -980.1791981544642
    ],
    [
      6.42966906493313e-06,
      -7.419576254989919e-19,
      1.0
    ]
  ],
  "px_per_m": 287.63490082115254,
  "warped_size": [
    535,
    279
  ]
}